GmtTime,Open,High,Low,Close,Volume
2023-06-01 00:00:00+00:00,1966.22,1967.19,1965.5,1966.47,39
2023-06-01 00:15:00+00:00,1966.43,1967.4,1966.38,1966.76,35
2023-06-01 00:30:00+00:00,1966.72,1966.79,1964.93,1964.93,39
2023-06-01 00:45:00+00:00,1965.05,1966.29,1965.05,1965.91,40
2023-06-01 01:00:00+00:00,1966.14,1967.31,1965.27,1965.6,39
2023-06-01 01:15:00+00:00,1965.48,1966.7,1964.02,1964.02,39
2023-06-01 01:30:00+00:00,1964.58,1964.71,1962.17,1962.45,39
2023-06-01 01:45:00+00:00,1964.48,1965.91,1962.25,1965.82,39
2023-06-01 02:00:00+00:00,1965.5,1965.91,1963.31,1965.22,38
2023-06-01 02:15:00+00:00,1965.41,1965.41,1963.5,1964.56,39
2023-06-01 02:30:00+00:00,1964.79,1965.2,1963.91,1964.14,39
2023-06-01 02:45:00+00:00,1964.12,1964.74,1963.3,1964.54,39
2023-06-01 03:00:00+00:00,1964.17,1966.06,1964.04,1965.3,39
2023-06-01 03:15:00+00:00,1965.24,1965.3,1963.3,1964.77,40
2023-06-01 03:30:00+00:00,1964.52,1965.38,1964.27,1965.18,39
2023-06-01 03:45:00+00:00,1965.05,1965.18,1963.3,1964.05,41
2023-06-01 04:00:00+00:00,1963.93,1964.37,1962.9,1963.92,42
2023-06-01 04:15:00+00:00,1963.98,1964.8,1963.79,1964.8,38
2023-06-01 04:30:00+00:00,1964.51,1964.8,1962.6,1963.47,41
2023-06-01 04:45:00+00:00,1963.39,1964.58,1963.39,1963.88,39
2023-06-01 05:00:00+00:00,1963.77,1964.43,1962.6,1963.58,41
2023-06-01 05:15:00+00:00,1963.82,1964.76,1963.3,1963.98,40
2023-06-01 05:30:00+00:00,1964.3,1965.63,1962.8,1963.91,40
2023-06-01 05:45:00+00:00,1963.18,1963.7,1962.76,1962.76,39
2023-06-01 06:00:00+00:00,1962.93,1962.93,1961.69,1961.69,39
2023-06-01 06:15:00+00:00,1961.78,1962.55,1961.26,1961.35,37
2023-06-01 06:30:00+00:00,1961.65,1962.0,1960.81,1962.0,39
2023-06-01 06:45:00+00:00,1961.88,1962.33,1960.8,1960.97,40
2023-06-01 07:00:00+00:00,1961.64,1961.68,1957.45,1958.15,40
2023-06-01 07:15:00+00:00,1958.68,1958.68,1956.45,1956.54,39
2023-06-01 07:30:00+00:00,1956.68,1956.99,1955.2,1955.29,39
2023-06-01 07:45:00+00:00,1955.38,1955.67,1955.06,1955.48,39
2023-06-01 08:00:00+00:00,1955.57,1956.68,1954.5,1955.4,40
2023-06-01 08:15:00+00:00,1955.61,1956.01,1955.05,1955.15,39
2023-06-01 08:30:00+00:00,1955.2,1955.2,1952.7,1954.38,39
2023-06-01 08:45:00+00:00,1953.97,1955.95,1953.97,1955.7,40
2023-06-01 09:00:00+00:00,1955.39,1957.3,1955.35,1956.68,41
2023-06-01 09:15:00+00:00,1956.77,1957.62,1956.77,1957.61,39
2023-06-01 09:30:00+00:00,1957.72,1959.09,1957.62,1958.51,39
2023-06-01 09:45:00+00:00,1958.59,1960.46,1958.56,1960.0,41
2023-06-01 10:00:00+00:00,1960.36,1960.81,1959.6,1960.21,41
2023-06-01 10:15:00+00:00,1960.39,1962.5,1960.34,1962.46,39
2023-06-01 10:30:00+00:00,1962.93,1966.05,1961.91,1965.45,39
2023-06-01 10:45:00+00:00,1965.82,1966.95,1965.44,1966.54,39
2023-06-01 11:00:00+00:00,1966.98,1968.03,1965.96,1966.87,39
2023-06-01 11:15:00+00:00,1966.8,1967.64,1966.5,1966.99,39
2023-06-01 11:30:00+00:00,1966.89,1967.57,1966.61,1967.17,39
2023-06-01 11:45:00+00:00,1967.18,1968.12,1967.05,1967.88,39
2023-06-01 12:00:00+00:00,1967.96,1967.96,1965.65,1965.65,38
2023-06-01 12:15:00+00:00,1963.39,1966.18,1959.25,1960.27,39
2023-06-01 12:30:00+00:00,1961.96,1966.34,1960.99,1964.55,37
2023-06-01 12:45:00+00:00,1964.75,1968.07,1964.55,1968.07,39
2023-06-01 13:00:00+00:00,1967.78,1970.56,1966.83,1967.07,39
2023-06-01 13:15:00+00:00,1967.57,1968.38,1966.08,1968.16,39
2023-06-01 13:30:00+00:00,1967.69,1972.88,1967.69,1972.25,36
2023-06-01 13:45:00+00:00,1973.04,1974.17,1971.98,1973.67,39
2023-06-01 14:00:00+00:00,1975.06,1976.4,1970.06,1971.98,36
2023-06-01 14:15:00+00:00,1972.0,1974.68,1970.6,1972.85,39
2023-06-01 14:30:00+00:00,1971.81,1975.68,1971.81,1974.95,39
2023-06-01 14:45:00+00:00,1975.46,1976.78,1974.69,1975.83,40
2023-06-01 15:00:00+00:00,1976.22,1978.96,1975.78,1978.44,39
2023-06-01 15:15:00+00:00,1978.86,1979.35,1977.73,1979.28,39
2023-06-01 15:30:00+00:00,1979.08,1981.91,1979.08,1980.62,38
2023-06-01 15:45:00+00:00,1981.47,1983.0,1981.2,1981.91,41
2023-06-01 16:00:00+00:00,1982.12,1982.38,1981.09,1981.67,38
2023-06-01 16:15:00+00:00,1981.34,1981.93,1979.02,1979.88,39
2023-06-01 16:30:00+00:00,1979.86,1980.94,1979.26,1979.26,39
2023-06-01 16:45:00+00:00,1979.01,1979.59,1978.61,1978.61,39
2023-06-01 17:00:00+00:00,1978.08,1978.66,1976.9,1977.86,40
2023-06-01 17:15:00+00:00,1977.82,1977.9,1976.28,1977.9,39
2023-06-01 17:30:00+00:00,1977.66,1977.75,1976.7,1977.01,40
2023-06-01 17:45:00+00:00,1976.98,1977.8,1976.88,1977.8,39
2023-06-01 18:00:00+00:00,1978.04,1978.55,1977.51,1977.62,39
2023-06-01 18:15:00+00:00,1977.63,1977.67,1976.0,1977.28,40
2023-06-01 18:30:00+00:00,1977.48,1977.93,1976.5,1977.44,40
2023-06-01 18:45:00+00:00,1977.27,1977.3,1975.66,1975.96,39
2023-06-01 19:00:00+00:00,1976.22,1976.96,1975.7,1976.95,40
2023-06-01 19:15:00+00:00,1976.97,1978.12,1976.8,1977.43,40
2023-06-01 19:30:00+00:00,1977.63,1978.05,1976.4,1977.57,41
2023-06-01 19:45:00+00:00,1977.35,1978.15,1976.8,1977.92,40
2023-06-01 20:00:00+00:00,1977.9,1978.25,1977.74,1977.76,39
2023-06-01 20:15:00+00:00,1977.57,1977.76,1976.6,1977.52,42
2023-06-01 20:30:00+00:00,1977.39,1977.88,1977.39,1977.7,39
2023-06-01 20:45:00+00:00,1977.75,1977.87,1976.8,1977.35,40
2023-06-01 21:00:00+00:00,1977.35,1977.35,1977.35,1977.35,1
2023-06-01 22:00:00+00:00,1977.14,1977.26,1976.1,1977.02,39
2023-06-01 22:15:00+00:00,1976.92,1977.15,1976.5,1976.83,39
2023-06-01 22:30:00+00:00,1976.69,1976.83,1975.7,1976.8,40
2023-06-01 22:45:00+00:00,1977.02,1977.22,1975.9,1977.21,38
2023-06-01 23:00:00+00:00,1976.81,1976.89,1976.33,1976.67,39
2023-06-01 23:15:00+00:00,1976.61,1976.77,1975.0,1976.04,41
2023-06-01 23:30:00+00:00,1976.03,1976.61,1975.4,1976.48,41
2023-06-01 23:45:00+00:00,1976.5,1977.33,1975.7,1976.87,43
2023-06-02 00:00:00+00:00,1977.15,1977.39,1975.9,1976.58,41
2023-06-02 00:15:00+00:00,1976.46,1976.46,1975.4,1976.17,35
2023-06-02 00:30:00+00:00,1976.36,1976.49,1975.2,1976.26,42
2023-06-02 00:45:00+00:00,1976.33,1976.33,1974.9,1975.89,41
2023-06-02 01:00:00+00:00,1975.89,1976.79,1974.52,1975.1,39
2023-06-02 01:15:00+00:00,1975.15,1975.45,1974.58,1974.78,40
2023-06-02 01:30:00+00:00,1974.76,1975.99,1973.3,1975.71,40
2023-06-02 01:45:00+00:00,1975.7,1978.36,1975.69,1977.36,38
2023-06-02 02:00:00+00:00,1977.6,1979.72,1976.96,1978.93,39
2023-06-02 02:15:00+00:00,1978.98,1978.98,1978.18,1978.25,39
2023-06-02 02:30:00+00:00,1978.31,1979.32,1978.0,1979.18,41
2023-06-02 02:45:00+00:00,1979.02,1980.55,1979.02,1980.34,39
2023-06-02 03:00:00+00:00,1980.53,1981.76,1980.01,1981.76,39
2023-06-02 03:15:00+00:00,1981.53,1983.42,1981.53,1983.05,39
2023-06-02 03:30:00+00:00,1982.76,1983.15,1980.7,1982.07,41
2023-06-02 03:45:00+00:00,1982.15,1982.73,1981.4,1982.42,40
2023-06-02 04:00:00+00:00,1982.52,1982.63,1980.99,1981.11,39
2023-06-02 04:15:00+00:00,1981.14,1981.29,1980.35,1980.48,38
2023-06-02 04:30:00+00:00,1980.55,1980.55,1979.1,1980.11,42
2023-06-02 04:45:00+00:00,1980.17,1980.53,1979.31,1979.43,38
2023-06-02 05:00:00+00:00,1979.53,1980.46,1978.89,1980.38,40
2023-06-02 05:15:00+00:00,1980.48,1980.48,1978.2,1978.36,40
2023-06-02 05:30:00+00:00,1978.85,1981.69,1978.1,1980.86,40
2023-06-02 05:45:00+00:00,1980.75,1981.49,1980.06,1980.43,39
2023-06-02 06:00:00+00:00,1980.26,1980.84,1978.76,1978.76,39
2023-06-02 06:15:00+00:00,1978.66,1979.4,1977.62,1977.62,40
2023-06-02 06:30:00+00:00,1977.73,1978.59,1977.1,1978.05,41
2023-06-02 06:45:00+00:00,1977.54,1978.61,1977.54,1978.41,39
2023-06-02 07:00:00+00:00,1977.76,1978.82,1977.52,1977.66,39
2023-06-02 07:15:00+00:00,1977.96,1978.23,1977.49,1978.13,39
2023-06-02 07:30:00+00:00,1977.95,1978.13,1976.0,1976.89,40
2023-06-02 07:45:00+00:00,1977.2,1977.71,1975.4,1975.91,40
2023-06-02 08:00:00+00:00,1975.74,1975.91,1974.8,1975.4,40
2023-06-02 08:15:00+00:00,1975.78,1977.07,1975.1,1976.6,38
2023-06-02 08:30:00+00:00,1976.76,1978.65,1976.6,1978.65,40
2023-06-02 08:45:00+00:00,1978.34,1979.64,1977.7,1978.97,40
2023-06-02 09:00:00+00:00,1979.13,1979.29,1977.9,1978.46,40
2023-06-02 09:15:00+00:00,1978.66,1979.21,1977.5,1978.94,40
2023-06-02 09:30:00+00:00,1978.5,1980.87,1978.5,1980.6,40
2023-06-02 09:45:00+00:00,1980.73,1981.03,1979.6,1980.57,39
2023-06-02 10:00:00+00:00,1980.53,1980.87,1979.8,1980.38,40
2023-06-02 10:15:00+00:00,1980.27,1980.7,1978.3,1979.2,40
2023-06-02 10:30:00+00:00,1979.13,1980.54,1979.0,1980.24,41
2023-06-02 10:45:00+00:00,1980.27,1980.36,1978.25,1978.39,39
2023-06-02 11:00:00+00:00,1978.35,1979.78,1978.16,1979.09,39
2023-06-02 11:15:00+00:00,1979.01,1980.19,1978.2,1979.54,38
2023-06-02 11:30:00+00:00,1980.19,1980.76,1979.11,1979.37,38
2023-06-02 11:45:00+00:00,1979.53,1979.75,1978.45,1978.64,39
2023-06-02 12:00:00+00:00,1978.95,1979.7,1978.56,1979.38,39
2023-06-02 12:15:00+00:00,1979.26,1980.0,1977.56,1978.93,37
2023-06-02 12:30:00+00:00,1973.2,1978.7,1972.04,1972.04,39
2023-06-02 12:45:00+00:00,1972.13,1973.88,1968.2,1970.77,40
2023-06-02 13:00:00+00:00,1971.69,1974.4,1969.78,1973.64,38
2023-06-02 13:15:00+00:00,1974.08,1976.26,1972.6,1976.0,40
2023-06-02 13:30:00+00:00,1975.93,1976.24,1967.27,1968.6,39
2023-06-02 13:45:00+00:00,1968.08,1968.6,1961.9,1962.92,41
2023-06-02 14:00:00+00:00,1963.37,1966.41,1962.33,1964.39,41
2023-06-02 14:15:00+00:00,1963.91,1964.39,1961.18,1961.97,39
2023-06-02 14:30:00+00:00,1962.63,1966.86,1961.97,1966.31,38
2023-06-02 14:45:00+00:00,1966.08,1966.69,1964.75,1964.75,40
2023-06-02 15:00:00+00:00,1965.2,1965.2,1963.6,1965.04,38
2023-06-02 15:15:00+00:00,1964.7,1964.7,1962.66,1963.78,39
2023-06-02 15:30:00+00:00,1963.68,1963.78,1962.29,1962.37,41
2023-06-02 15:45:00+00:00,1962.35,1962.67,1961.18,1961.77,39
2023-06-02 16:00:00+00:00,1961.87,1961.87,1955.63,1956.15,39
2023-06-02 16:15:00+00:00,1957.42,1957.67,1955.25,1955.71,39
2023-06-02 16:30:00+00:00,1956.11,1956.44,1954.39,1954.47,39
2023-06-02 16:45:00+00:00,1954.08,1954.15,1952.48,1952.67,40
2023-06-02 17:00:00+00:00,1952.19,1953.48,1951.6,1952.68,40
2023-06-02 17:15:00+00:00,1952.14,1953.29,1951.84,1952.52,40
2023-06-02 17:30:00+00:00,1953.42,1953.42,1951.94,1952.24,39
2023-06-02 17:45:00+00:00,1951.98,1952.41,1951.29,1951.6,39
2023-06-02 18:00:00+00:00,1951.46,1951.63,1950.21,1950.34,39
2023-06-02 18:15:00+00:00,1950.21,1951.35,1949.5,1950.58,40
2023-06-02 18:30:00+00:00,1950.96,1951.82,1950.1,1951.26,41
2023-06-02 18:45:00+00:00,1951.26,1951.73,1950.62,1950.98,38
2023-06-02 19:00:00+00:00,1950.62,1950.84,1949.6,1950.38,41
2023-06-02 19:15:00+00:00,1950.39,1950.61,1949.91,1950.29,38
2023-06-02 19:30:00+00:00,1950.03,1950.22,1948.3,1948.84,39
2023-06-02 19:45:00+00:00,1948.88,1948.88,1947.4,1948.63,40
2023-06-02 20:00:00+00:00,1948.78,1948.91,1948.2,1948.28,39
2023-06-02 20:15:00+00:00,1948.24,1948.68,1947.7,1948.36,40
2023-06-02 20:30:00+00:00,1948.36,1948.61,1947.5,1948.26,40
2023-06-02 20:45:00+00:00,1948.02,1948.35,1947.4,1947.97,39
2023-06-02 21:00:00+00:00,1947.97,1948.0,1947.97,1948.0,2
2023-06-04 19:00:00+00:00,1950.6,1950.6,1947.97,1947.97,3
2023-06-04 20:00:00+00:00,1947.97,1947.97,1947.97,1947.97,1
2023-06-04 21:00:00+00:00,1947.97,1950.6,1947.97,1950.6,2
2023-06-04 22:00:00+00:00,1947.5,1949.73,1946.6,1949.73,33
2023-06-04 22:15:00+00:00,1949.79,1950.01,1948.7,1949.68,32
2023-06-04 22:30:00+00:00,1949.38,1949.95,1948.3,1949.52,33
2023-06-04 22:45:00+00:00,1949.72,1949.72,1948.3,1948.94,31
2023-06-04 23:00:00+00:00,1948.9,1949.84,1948.8,1949.71,30
2023-06-04 23:15:00+00:00,1949.71,1949.74,1947.8,1948.68,32
2023-06-04 23:30:00+00:00,1948.71,1948.82,1947.48,1948.38,31
2023-06-04 23:45:00+00:00,1948.28,1949.41,1947.7,1949.3,37
2023-06-05 00:00:00+00:00,1949.27,1949.49,1948.16,1948.52,39
2023-06-05 00:15:00+00:00,1948.78,1949.01,1947.4,1947.6,39
2023-06-05 00:30:00+00:00,1947.38,1947.63,1945.7,1946.39,35
2023-06-05 00:45:00+00:00,1946.53,1946.68,1945.1,1946.34,41
2023-06-05 01:00:00+00:00,1946.56,1947.74,1946.19,1947.68,38
2023-06-05 01:15:00+00:00,1947.64,1947.64,1946.09,1946.27,40
2023-06-05 01:30:00+00:00,1946.28,1947.54,1945.89,1946.67,37
2023-06-05 01:45:00+00:00,1947.38,1948.19,1946.57,1947.6,39
2023-06-05 02:00:00+00:00,1947.3,1948.2,1946.53,1946.82,40
2023-06-05 02:15:00+00:00,1946.87,1946.87,1944.97,1945.73,38
2023-06-05 02:30:00+00:00,1945.68,1945.8,1943.9,1945.48,39
2023-06-05 02:45:00+00:00,1945.63,1945.68,1944.79,1945.03,39
2023-06-05 03:00:00+00:00,1944.79,1945.72,1944.5,1945.65,40
2023-06-05 03:15:00+00:00,1945.73,1945.78,1944.42,1944.44,40
2023-06-05 03:30:00+00:00,1944.84,1947.18,1944.44,1947.18,39
2023-06-05 03:45:00+00:00,1947.08,1947.52,1946.0,1947.14,42
2023-06-05 04:00:00+00:00,1947.28,1947.28,1944.99,1945.11,41
2023-06-05 04:15:00+00:00,1945.02,1946.05,1944.8,1945.81,40
2023-06-05 04:30:00+00:00,1946.04,1946.21,1945.2,1945.61,38
2023-06-05 04:45:00+00:00,1945.41,1946.04,1944.6,1946.04,41
2023-06-05 05:00:00+00:00,1945.78,1946.04,1943.1,1943.89,42
2023-06-05 05:15:00+00:00,1943.88,1944.49,1943.0,1944.32,40
2023-06-05 05:30:00+00:00,1944.32,1945.65,1943.62,1945.65,40
2023-06-05 05:45:00+00:00,1945.44,1946.54,1944.93,1944.98,39
2023-06-05 06:00:00+00:00,1944.33,1945.44,1943.09,1943.45,38
2023-06-05 06:15:00+00:00,1943.36,1943.49,1941.9,1942.65,39
2023-06-05 06:30:00+00:00,1942.86,1943.46,1942.73,1943.0,37
2023-06-05 06:45:00+00:00,1942.93,1943.54,1942.6,1942.82,38
2023-06-05 07:00:00+00:00,1942.64,1943.88,1941.91,1943.41,39
2023-06-05 07:15:00+00:00,1943.14,1943.54,1941.78,1942.43,38
2023-06-05 07:30:00+00:00,1941.76,1942.51,1939.82,1940.69,38
2023-06-05 07:45:00+00:00,1939.72,1940.39,1938.93,1940.12,39
2023-06-05 08:00:00+00:00,1939.54,1943.47,1938.77,1942.93,38
2023-06-05 08:15:00+00:00,1942.75,1943.8,1941.66,1941.81,38
2023-06-05 08:30:00+00:00,1941.79,1942.03,1941.07,1941.15,38
2023-06-05 08:45:00+00:00,1941.63,1942.4,1941.05,1942.3,39
2023-06-05 09:00:00+00:00,1942.32,1942.61,1940.39,1942.61,40
2023-06-05 09:15:00+00:00,1942.01,1942.04,1940.4,1941.39,38
2023-06-05 09:30:00+00:00,1940.77,1945.64,1940.77,1944.16,39
2023-06-05 09:45:00+00:00,1944.54,1945.07,1944.22,1944.73,38
2023-06-05 10:00:00+00:00,1944.22,1944.94,1942.25,1943.12,41
2023-06-05 10:15:00+00:00,1942.82,1943.91,1942.82,1943.52,39
2023-06-05 10:30:00+00:00,1943.61,1945.62,1943.0,1943.84,38
2023-06-05 10:45:00+00:00,1943.68,1943.87,1942.6,1943.39,40
2023-06-05 11:00:00+00:00,1943.17,1943.95,1942.12,1942.35,39
2023-06-05 11:15:00+00:00,1941.98,1942.39,1939.5,1940.11,39
2023-06-05 11:30:00+00:00,1940.04,1940.3,1938.41,1939.35,40
2023-06-05 11:45:00+00:00,1939.63,1942.14,1939.39,1942.14,40
2023-06-05 12:00:00+00:00,1942.23,1942.23,1941.42,1942.02,39
2023-06-05 12:15:00+00:00,1941.73,1942.11,1939.94,1940.04,40
2023-06-05 12:30:00+00:00,1939.5,1939.97,1938.21,1939.54,39
2023-06-05 12:45:00+00:00,1940.42,1943.21,1939.28,1942.89,38
2023-06-05 13:00:00+00:00,1943.46,1945.17,1942.38,1944.98,38
2023-06-05 13:15:00+00:00,1945.38,1946.66,1944.65,1946.44,39
2023-06-05 13:30:00+00:00,1945.45,1946.47,1944.36,1945.18,39
2023-06-05 13:45:00+00:00,1945.44,1948.53,1945.44,1946.52,40
2023-06-05 14:00:00+00:00,1952.33,1961.07,1947.64,1960.2,36
2023-06-05 14:15:00+00:00,1960.05,1961.31,1955.51,1958.64,39
2023-06-05 14:30:00+00:00,1958.5,1958.89,1955.8,1958.24,39
2023-06-05 14:45:00+00:00,1958.05,1958.77,1956.05,1957.79,39
2023-06-05 15:00:00+00:00,1957.48,1958.5,1956.17,1956.97,40
2023-06-05 15:15:00+00:00,1957.32,1959.53,1956.6,1959.3,40
2023-06-05 15:30:00+00:00,1958.16,1958.88,1955.64,1956.53,40
2023-06-05 15:45:00+00:00,1956.99,1958.47,1956.1,1958.09,40
2023-06-05 16:00:00+00:00,1958.3,1960.75,1958.26,1960.47,39
2023-06-05 16:15:00+00:00,1960.3,1960.6,1958.64,1959.02,40
2023-06-05 16:30:00+00:00,1958.6,1958.84,1957.56,1957.6,39
2023-06-05 16:45:00+00:00,1957.65,1958.61,1956.5,1958.38,41
2023-06-05 17:00:00+00:00,1958.19,1958.71,1956.7,1958.71,39
2023-06-05 17:15:00+00:00,1958.46,1958.97,1957.75,1958.03,40
2023-06-05 17:30:00+00:00,1958.11,1959.36,1957.61,1959.3,39
2023-06-05 17:45:00+00:00,1959.23,1960.82,1959.23,1960.19,40
2023-06-05 18:00:00+00:00,1960.3,1960.68,1959.6,1960.44,40
2023-06-05 18:15:00+00:00,1960.45,1962.54,1960.3,1960.98,40
2023-06-05 18:30:00+00:00,1960.98,1962.35,1960.95,1961.92,39
2023-06-05 18:45:00+00:00,1961.83,1962.23,1960.71,1960.71,40
2023-06-05 19:00:00+00:00,1960.91,1962.2,1960.0,1961.89,41
2023-06-05 19:15:00+00:00,1962.16,1963.76,1961.9,1963.76,39
2023-06-05 19:30:00+00:00,1963.83,1963.88,1961.4,1961.91,41
2023-06-05 19:45:00+00:00,1961.86,1962.22,1961.15,1961.15,39
2023-06-05 20:00:00+00:00,1961.11,1961.58,1961.06,1961.13,39
2023-06-05 20:15:00+00:00,1961.06,1961.43,1960.99,1961.29,38
2023-06-05 20:30:00+00:00,1961.31,1961.34,1960.4,1961.21,39
2023-06-05 20:45:00+00:00,1961.41,1961.76,1960.9,1961.6,38
2023-06-05 21:00:00+00:00,1961.6,1961.6,1961.46,1961.46,2
2023-06-05 22:00:00+00:00,1961.34,1961.63,1961.05,1961.48,36
2023-06-05 22:15:00+00:00,1961.47,1961.53,1960.4,1960.88,42
2023-06-05 22:30:00+00:00,1960.87,1961.18,1960.1,1960.71,43
2023-06-05 22:45:00+00:00,1960.66,1962.39,1960.3,1962.26,41
2023-06-05 23:00:00+00:00,1962.47,1962.58,1961.61,1961.67,39
2023-06-05 23:15:00+00:00,1961.66,1962.55,1961.2,1962.4,40
2023-06-05 23:30:00+00:00,1962.16,1963.04,1961.2,1961.54,40
2023-06-05 23:45:00+00:00,1961.51,1961.92,1960.9,1961.24,41
2023-06-06 00:00:00+00:00,1961.4,1961.48,1960.94,1961.06,39
2023-06-06 00:15:00+00:00,1960.92,1961.22,1960.0,1960.97,40
2023-06-06 00:30:00+00:00,1961.02,1961.39,1960.0,1961.09,35
2023-06-06 00:45:00+00:00,1961.11,1961.11,1960.63,1961.02,39
2023-06-06 01:00:00+00:00,1960.71,1961.15,1959.59,1960.24,39
2023-06-06 01:15:00+00:00,1959.75,1960.9,1959.46,1960.2,37
2023-06-06 01:30:00+00:00,1959.82,1960.34,1959.2,1959.8,39
2023-06-06 01:45:00+00:00,1959.34,1960.42,1959.03,1960.02,40
2023-06-06 02:00:00+00:00,1960.6,1964.36,1959.93,1963.9,39
2023-06-06 02:15:00+00:00,1963.12,1963.6,1962.35,1962.56,39
2023-06-06 02:30:00+00:00,1962.7,1963.15,1959.66,1960.56,39
2023-06-06 02:45:00+00:00,1960.2,1960.8,1959.8,1960.8,39
2023-06-06 03:00:00+00:00,1960.67,1960.93,1959.84,1960.06,39
2023-06-06 03:15:00+00:00,1959.85,1960.08,1959.49,1959.84,38
2023-06-06 03:30:00+00:00,1959.8,1959.87,1958.4,1959.27,40
2023-06-06 03:45:00+00:00,1959.27,1960.13,1958.5,1959.19,40
2023-06-06 04:00:00+00:00,1959.37,1959.63,1958.6,1959.55,42
2023-06-06 04:15:00+00:00,1959.41,1960.16,1958.8,1960.03,42
2023-06-06 04:30:00+00:00,1959.78,1961.05,1959.08,1960.84,39
2023-06-06 04:45:00+00:00,1960.75,1961.15,1960.75,1961.15,39
2023-06-06 05:00:00+00:00,1961.56,1962.57,1961.13,1962.06,40
2023-06-06 05:15:00+00:00,1961.55,1962.57,1960.1,1960.1,38
2023-06-06 05:30:00+00:00,1960.36,1960.36,1959.08,1959.55,39
2023-06-06 05:45:00+00:00,1959.45,1959.46,1957.95,1957.95,38
2023-06-06 06:00:00+00:00,1958.42,1960.38,1958.06,1959.36,39
2023-06-06 06:15:00+00:00,1958.99,1961.17,1958.99,1960.41,39
2023-06-06 06:30:00+00:00,1960.16,1960.75,1959.78,1959.96,39
2023-06-06 06:45:00+00:00,1959.68,1960.11,1958.98,1959.43,39
2023-06-06 07:00:00+00:00,1958.1,1960.8,1958.1,1960.29,39
2023-06-06 07:15:00+00:00,1959.88,1960.29,1957.26,1957.27,41
2023-06-06 07:30:00+00:00,1957.76,1958.5,1957.17,1957.73,39
2023-06-06 07:45:00+00:00,1957.88,1958.9,1956.97,1957.51,39
2023-06-06 08:00:00+00:00,1958.09,1960.2,1957.14,1959.45,41
2023-06-06 08:15:00+00:00,1959.05,1959.46,1957.31,1958.03,41
2023-06-06 08:30:00+00:00,1958.02,1959.01,1957.3,1958.93,40
2023-06-06 08:45:00+00:00,1958.63,1961.06,1958.28,1960.17,38
2023-06-06 09:00:00+00:00,1960.41,1961.77,1960.17,1961.56,39
2023-06-06 09:15:00+00:00,1961.64,1961.98,1961.17,1961.41,39
2023-06-06 09:30:00+00:00,1961.78,1963.38,1960.6,1961.74,40
2023-06-06 09:45:00+00:00,1962.04,1963.0,1961.7,1962.33,40
2023-06-06 10:00:00+00:00,1962.38,1963.18,1961.6,1963.18,41
2023-06-06 10:15:00+00:00,1963.06,1963.06,1962.06,1962.14,38
2023-06-06 10:30:00+00:00,1962.77,1964.83,1962.77,1964.22,39
2023-06-06 10:45:00+00:00,1964.1,1964.56,1963.25,1963.55,38
2023-06-06 11:00:00+00:00,1963.5,1964.4,1963.49,1963.67,39
2023-06-06 11:15:00+00:00,1963.47,1964.06,1962.5,1963.23,40
2023-06-06 11:30:00+00:00,1963.41,1964.66,1963.19,1964.66,39
2023-06-06 11:45:00+00:00,1964.67,1964.68,1962.8,1962.8,39
2023-06-06 12:00:00+00:00,1962.73,1964.66,1962.73,1964.56,39
2023-06-06 12:15:00+00:00,1964.29,1966.15,1963.72,1963.72,39
2023-06-06 12:30:00+00:00,1963.4,1964.35,1960.12,1960.46,39
2023-06-06 12:45:00+00:00,1960.41,1963.15,1959.87,1962.13,37
2023-06-06 13:00:00+00:00,1961.52,1964.02,1960.99,1963.93,40
2023-06-06 13:15:00+00:00,1963.97,1964.13,1962.46,1963.24,39
2023-06-06 13:30:00+00:00,1963.21,1964.61,1958.14,1959.67,40
2023-06-06 13:45:00+00:00,1958.96,1959.06,1954.43,1956.82,39
2023-06-06 14:00:00+00:00,1956.97,1960.45,1956.74,1959.63,38
2023-06-06 14:15:00+00:00,1959.59,1962.27,1959.16,1960.13,39
2023-06-06 14:30:00+00:00,1959.97,1960.43,1957.25,1957.25,39
2023-06-06 14:45:00+00:00,1957.34,1959.71,1957.01,1959.71,38
2023-06-06 15:00:00+00:00,1959.85,1960.48,1958.4,1959.28,40
2023-06-06 15:15:00+00:00,1959.12,1960.92,1958.3,1960.22,41
2023-06-06 15:30:00+00:00,1960.3,1963.07,1960.06,1963.07,39
2023-06-06 15:45:00+00:00,1963.45,1964.19,1962.56,1963.32,39
2023-06-06 16:00:00+00:00,1963.49,1966.2,1963.32,1963.75,41
2023-06-06 16:15:00+00:00,1963.44,1963.75,1961.22,1961.38,40
2023-06-06 16:30:00+00:00,1961.38,1962.4,1961.03,1962.4,39
2023-06-06 16:45:00+00:00,1962.37,1963.71,1962.3,1963.61,39
2023-06-06 17:00:00+00:00,1963.54,1964.13,1962.2,1964.02,42
2023-06-06 17:15:00+00:00,1964.0,1965.24,1963.8,1965.24,39
2023-06-06 17:30:00+00:00,1964.96,1965.94,1964.62,1964.66,39
2023-06-06 17:45:00+00:00,1964.64,1964.97,1963.8,1964.32,41
2023-06-06 18:00:00+00:00,1964.36,1964.9,1963.5,1964.59,40
2023-06-06 18:15:00+00:00,1964.4,1964.98,1963.94,1964.1,39
2023-06-06 18:30:00+00:00,1964.17,1964.2,1963.51,1963.71,38
2023-06-06 18:45:00+00:00,1963.82,1964.0,1962.98,1962.98,38
2023-06-06 19:00:00+00:00,1963.19,1963.19,1962.1,1962.95,39
2023-06-06 19:15:00+00:00,1962.97,1963.38,1962.61,1962.67,39
2023-06-06 19:30:00+00:00,1962.8,1963.0,1962.3,1962.34,38
2023-06-06 19:45:00+00:00,1962.47,1963.19,1961.7,1963.19,39
2023-06-06 20:00:00+00:00,1963.18,1963.42,1962.4,1962.58,39
2023-06-06 20:15:00+00:00,1962.78,1963.18,1961.9,1962.9,40
2023-06-06 20:30:00+00:00,1962.86,1963.01,1962.0,1962.85,39
2023-06-06 20:45:00+00:00,1962.83,1963.17,1962.2,1962.4,39
2023-06-06 21:00:00+00:00,1963.14,1963.17,1963.14,1963.17,2
2023-06-06 22:00:00+00:00,1963.54,1963.54,1962.1,1963.37,37
2023-06-06 22:15:00+00:00,1963.33,1964.38,1962.8,1964.23,44
2023-06-06 22:30:00+00:00,1964.06,1964.23,1962.3,1963.58,38
2023-06-06 22:45:00+00:00,1963.56,1963.64,1962.7,1963.64,41
2023-06-06 23:00:00+00:00,1963.48,1964.16,1962.8,1963.63,41
2023-06-06 23:15:00+00:00,1963.67,1963.89,1962.9,1963.61,41
2023-06-06 23:30:00+00:00,1963.68,1964.05,1963.1,1963.72,39
2023-06-06 23:45:00+00:00,1963.58,1963.78,1963.01,1963.2,38
2023-06-07 00:00:00+00:00,1963.29,1964.14,1963.1,1963.82,40
2023-06-07 00:15:00+00:00,1963.89,1964.43,1963.4,1964.01,40
2023-06-07 00:30:00+00:00,1964.03,1964.91,1963.7,1964.88,35
2023-06-07 00:45:00+00:00,1964.83,1964.99,1963.9,1964.88,42
2023-06-07 01:00:00+00:00,1965.0,1966.11,1964.66,1965.82,40
2023-06-07 01:15:00+00:00,1965.45,1966.15,1964.2,1966.15,40
2023-06-07 01:30:00+00:00,1966.09,1966.24,1964.78,1964.9,39
2023-06-07 01:45:00+00:00,1964.95,1965.34,1963.6,1964.85,42
2023-06-07 02:00:00+00:00,1964.38,1964.85,1963.03,1963.22,39
2023-06-07 02:15:00+00:00,1963.22,1964.59,1963.22,1964.47,39
2023-06-07 02:30:00+00:00,1965.2,1965.2,1963.43,1964.49,39
2023-06-07 02:45:00+00:00,1963.4,1964.55,1963.4,1964.51,39
2023-06-07 03:00:00+00:00,1964.39,1964.51,1963.19,1963.19,40
2023-06-07 03:15:00+00:00,1963.24,1963.86,1963.16,1963.16,39
2023-06-07 03:30:00+00:00,1963.0,1963.54,1962.6,1963.51,40
2023-06-07 03:45:00+00:00,1963.63,1963.72,1962.3,1963.27,40
2023-06-07 04:00:00+00:00,1963.33,1963.88,1963.0,1963.82,40
2023-06-07 04:15:00+00:00,1963.79,1964.19,1963.0,1963.94,42
2023-06-07 04:30:00+00:00,1964.16,1964.2,1963.0,1964.07,39
2023-06-07 04:45:00+00:00,1964.12,1964.46,1963.1,1964.46,41
2023-06-07 05:00:00+00:00,1964.27,1964.27,1962.86,1963.33,39
2023-06-07 05:15:00+00:00,1963.18,1963.37,1962.2,1962.88,39
2023-06-07 05:30:00+00:00,1962.77,1964.84,1962.5,1964.5,40
2023-06-07 05:45:00+00:00,1964.49,1964.49,1963.0,1963.08,40
2023-06-07 06:00:00+00:00,1963.04,1963.96,1962.9,1962.9,39
2023-06-07 06:15:00+00:00,1963.05,1963.05,1959.94,1960.05,38
2023-06-07 06:30:00+00:00,1959.98,1959.98,1957.76,1958.62,40
2023-06-07 06:45:00+00:00,1958.74,1958.91,1957.29,1957.63,39
2023-06-07 07:00:00+00:00,1957.56,1957.7,1955.4,1955.63,41
2023-06-07 07:15:00+00:00,1955.95,1956.93,1955.06,1956.08,39
2023-06-07 07:30:00+00:00,1956.46,1957.43,1955.5,1956.32,41
2023-06-07 07:45:00+00:00,1956.44,1957.09,1955.81,1956.04,39
2023-06-07 08:00:00+00:00,1955.84,1959.34,1955.84,1958.94,39
2023-06-07 08:15:00+00:00,1958.98,1959.46,1958.58,1959.37,39
2023-06-07 08:30:00+00:00,1959.18,1959.66,1958.71,1959.21,39
2023-06-07 08:45:00+00:00,1959.53,1961.36,1959.21,1961.36,40
2023-06-07 09:00:00+00:00,1961.64,1962.5,1961.1,1961.89,41
2023-06-07 09:15:00+00:00,1961.99,1962.82,1960.9,1962.82,40
2023-06-07 09:30:00+00:00,1963.22,1963.92,1961.89,1962.23,40
2023-06-07 09:45:00+00:00,1962.53,1964.35,1962.23,1964.17,39
2023-06-07 10:00:00+00:00,1964.58,1966.3,1964.17,1964.97,40
2023-06-07 10:15:00+00:00,1965.07,1965.16,1963.3,1964.23,42
2023-06-07 10:30:00+00:00,1964.33,1964.49,1962.92,1963.16,39
2023-06-07 10:45:00+00:00,1963.25,1963.53,1962.38,1962.61,39
2023-06-07 11:00:00+00:00,1962.46,1964.96,1962.46,1963.06,40
2023-06-07 11:15:00+00:00,1962.53,1963.3,1961.79,1962.8,39
2023-06-07 11:30:00+00:00,1962.92,1962.92,1962.06,1962.24,39
2023-06-07 11:45:00+00:00,1962.36,1962.47,1960.99,1961.13,39
2023-06-07 12:00:00+00:00,1961.07,1961.2,1960.19,1960.77,39
2023-06-07 12:15:00+00:00,1960.13,1960.38,1957.79,1958.03,39
2023-06-07 12:30:00+00:00,1958.39,1960.15,1957.8,1957.97,39
2023-06-07 12:45:00+00:00,1957.97,1958.82,1957.26,1958.82,39
2023-06-07 13:00:00+00:00,1958.47,1959.79,1958.04,1959.45,37
2023-06-07 13:15:00+00:00,1958.68,1960.56,1958.68,1958.97,39
2023-06-07 13:30:00+00:00,1959.72,1962.7,1958.5,1961.76,39
2023-06-07 13:45:00+00:00,1962.69,1969.82,1961.85,1969.75,38
2023-06-07 14:00:00+00:00,1969.76,1969.76,1963.86,1964.78,38
2023-06-07 14:15:00+00:00,1964.87,1965.29,1959.53,1959.53,41
2023-06-07 14:30:00+00:00,1959.99,1960.03,1956.51,1958.7,39
2023-06-07 14:45:00+00:00,1959.04,1959.04,1956.62,1957.83,38
2023-06-07 15:00:00+00:00,1957.49,1958.09,1955.93,1957.94,40
2023-06-07 15:15:00+00:00,1957.7,1958.4,1953.66,1955.35,40
2023-06-07 15:30:00+00:00,1955.15,1955.41,1950.92,1951.01,39
2023-06-07 15:45:00+00:00,1950.39,1950.96,1946.85,1947.04,40
2023-06-07 16:00:00+00:00,1946.6,1947.98,1944.0,1945.04,42
2023-06-07 16:15:00+00:00,1944.0,1945.15,1942.1,1942.74,41
2023-06-07 16:30:00+00:00,1942.64,1942.76,1940.92,1941.05,39
2023-06-07 16:45:00+00:00,1940.99,1943.34,1940.99,1942.02,39
2023-06-07 17:00:00+00:00,1942.37,1942.37,1940.86,1941.64,39
2023-06-07 17:15:00+00:00,1941.84,1943.39,1941.24,1942.87,39
2023-06-07 17:30:00+00:00,1943.09,1946.07,1942.87,1946.07,39
2023-06-07 17:45:00+00:00,1945.75,1946.4,1944.33,1944.33,37
2023-06-07 18:00:00+00:00,1944.47,1944.8,1943.84,1944.32,37
2023-06-07 18:15:00+00:00,1944.19,1944.44,1942.78,1942.85,39
2023-06-07 18:30:00+00:00,1942.52,1943.2,1941.93,1942.46,40
2023-06-07 18:45:00+00:00,1942.53,1943.31,1941.7,1942.55,40
2023-06-07 19:00:00+00:00,1942.64,1943.08,1942.0,1942.93,40
2023-06-07 19:15:00+00:00,1942.88,1942.93,1941.0,1941.91,40
2023-06-07 19:30:00+00:00,1941.67,1942.18,1941.42,1941.42,39
2023-06-07 19:45:00+00:00,1941.45,1941.9,1940.18,1940.2,39
2023-06-07 20:00:00+00:00,1940.13,1941.36,1939.81,1941.36,38
2023-06-07 20:15:00+00:00,1941.26,1941.56,1940.2,1940.56,40
2023-06-07 20:30:00+00:00,1940.61,1940.72,1939.8,1940.51,39
2023-06-07 20:45:00+00:00,1940.51,1940.61,1939.0,1939.72,42
2023-06-07 21:00:00+00:00,1939.72,1939.72,1939.72,1939.72,1
2023-06-07 22:00:00+00:00,1939.73,1942.63,1939.73,1942.63,38
2023-06-07 22:15:00+00:00,1942.42,1943.39,1942.12,1943.07,38
2023-06-07 22:30:00+00:00,1943.39,1943.39,1941.4,1941.94,39
2023-06-07 22:45:00+00:00,1941.84,1942.66,1941.7,1942.17,39
2023-06-07 23:00:00+00:00,1942.33,1942.35,1941.3,1941.91,38
2023-06-07 23:15:00+00:00,1942.04,1942.04,1941.0,1942.02,40
2023-06-07 23:30:00+00:00,1941.93,1943.63,1941.93,1943.53,38
2023-06-07 23:45:00+00:00,1943.59,1945.1,1942.8,1944.39,40
2023-06-08 00:00:00+00:00,1944.36,1945.41,1944.0,1945.29,40
2023-06-08 00:15:00+00:00,1945.0,1945.63,1944.6,1945.32,39
2023-06-08 00:30:00+00:00,1945.68,1945.9,1944.9,1945.78,36
2023-06-08 00:45:00+00:00,1945.9,1946.15,1945.1,1946.12,42
2023-06-08 01:00:00+00:00,1946.4,1946.58,1945.6,1945.69,41
2023-06-08 01:15:00+00:00,1945.39,1945.93,1944.1,1944.86,39
2023-06-08 01:30:00+00:00,1945.22,1946.09,1944.57,1945.87,40
2023-06-08 01:45:00+00:00,1945.96,1945.96,1944.6,1945.77,40
2023-06-08 02:00:00+00:00,1945.97,1946.89,1945.28,1945.28,39
2023-06-08 02:15:00+00:00,1945.47,1946.78,1945.31,1945.85,38
2023-06-08 02:30:00+00:00,1945.76,1945.85,1944.58,1945.71,39
2023-06-08 02:45:00+00:00,1945.71,1946.38,1945.0,1946.22,41
2023-06-08 03:00:00+00:00,1946.13,1947.02,1945.8,1946.39,40
2023-06-08 03:15:00+00:00,1946.48,1946.75,1945.84,1946.25,39
2023-06-08 03:30:00+00:00,1946.15,1946.94,1946.09,1946.87,39
2023-06-08 03:45:00+00:00,1946.75,1946.83,1946.15,1946.19,39
2023-06-08 04:00:00+00:00,1946.26,1946.26,1945.3,1946.15,41
2023-06-08 04:15:00+00:00,1946.33,1946.52,1945.3,1946.52,40
2023-06-08 04:30:00+00:00,1946.71,1947.18,1945.2,1946.22,39
2023-06-08 04:45:00+00:00,1947.06,1947.11,1945.85,1946.59,39
2023-06-08 05:00:00+00:00,1946.53,1946.98,1946.02,1946.14,40
2023-06-08 05:15:00+00:00,1946.09,1947.49,1946.09,1947.23,39
2023-06-08 05:30:00+00:00,1947.38,1947.69,1946.6,1947.15,40
2023-06-08 05:45:00+00:00,1947.02,1947.41,1945.75,1945.83,39
2023-06-08 06:00:00+00:00,1945.79,1945.79,1944.32,1944.7,39
2023-06-08 06:15:00+00:00,1944.3,1944.3,1942.71,1943.36,38
2023-06-08 06:30:00+00:00,1943.28,1946.19,1943.06,1945.87,39
2023-06-08 06:45:00+00:00,1945.78,1946.94,1944.63,1944.63,38
2023-06-08 07:00:00+00:00,1944.77,1946.44,1944.34,1945.79,38
2023-06-08 07:15:00+00:00,1945.77,1946.81,1944.83,1944.83,37
2023-06-08 07:30:00+00:00,1945.27,1946.03,1944.2,1945.75,39
2023-06-08 07:45:00+00:00,1945.47,1948.0,1945.47,1947.05,38
2023-06-08 08:00:00+00:00,1946.93,1948.23,1946.7,1947.26,40
2023-06-08 08:15:00+00:00,1947.73,1947.84,1946.1,1947.43,40
2023-06-08 08:30:00+00:00,1947.27,1948.97,1946.5,1948.54,40
2023-06-08 08:45:00+00:00,1948.15,1948.56,1946.87,1948.38,37
2023-06-08 09:00:00+00:00,1948.32,1948.52,1947.0,1947.0,41
2023-06-08 09:15:00+00:00,1947.12,1948.19,1946.0,1946.64,41
2023-06-08 09:30:00+00:00,1946.74,1947.23,1945.92,1946.36,39
2023-06-08 09:45:00+00:00,1946.23,1946.91,1945.9,1946.17,39
2023-06-08 10:00:00+00:00,1946.6,1946.94,1945.6,1946.5,40
2023-06-08 10:15:00+00:00,1946.44,1946.65,1945.2,1946.38,41
2023-06-08 10:30:00+00:00,1946.2,1947.73,1946.2,1947.71,39
2023-06-08 10:45:00+00:00,1947.69,1947.81,1945.8,1946.6,40
2023-06-08 11:00:00+00:00,1946.75,1947.69,1945.27,1945.9,40
2023-06-08 11:15:00+00:00,1945.87,1946.19,1945.47,1945.65,40
2023-06-08 11:30:00+00:00,1945.98,1946.2,1945.03,1946.2,39
2023-06-08 11:45:00+00:00,1946.1,1946.97,1945.51,1946.57,40
2023-06-08 12:00:00+00:00,1946.37,1947.79,1946.28,1946.88,39
2023-06-08 12:15:00+00:00,1946.49,1949.1,1946.2,1948.82,40
2023-06-08 12:30:00+00:00,1950.12,1958.71,1948.82,1958.69,38
2023-06-08 12:45:00+00:00,1958.85,1959.21,1954.37,1959.21,40
2023-06-08 13:00:00+00:00,1958.94,1959.68,1957.24,1959.04,39
2023-06-08 13:15:00+00:00,1959.45,1960.63,1957.55,1959.46,38
2023-06-08 13:30:00+00:00,1959.23,1965.45,1959.23,1965.02,38
2023-06-08 13:45:00+00:00,1965.71,1968.06,1964.67,1967.25,40
2023-06-08 14:00:00+00:00,1967.36,1968.81,1965.9,1968.49,40
2023-06-08 14:15:00+00:00,1967.9,1969.05,1966.05,1969.05,42
2023-06-08 14:30:00+00:00,1969.12,1969.81,1965.25,1965.26,37
2023-06-08 14:45:00+00:00,1966.04,1967.88,1965.55,1967.32,39
2023-06-08 15:00:00+00:00,1967.38,1968.42,1966.16,1967.75,39
2023-06-08 15:15:00+00:00,1968.43,1968.43,1965.65,1966.03,41
2023-06-08 15:30:00+00:00,1966.89,1967.61,1965.86,1966.18,39
2023-06-08 15:45:00+00:00,1966.46,1967.44,1966.05,1966.88,38
2023-06-08 16:00:00+00:00,1966.86,1967.9,1965.42,1967.9,39
2023-06-08 16:15:00+00:00,1967.33,1969.03,1966.62,1967.87,38
2023-06-08 16:30:00+00:00,1967.22,1968.54,1967.19,1967.47,39
2023-06-08 16:45:00+00:00,1967.19,1967.8,1965.3,1966.31,40
2023-06-08 17:00:00+00:00,1965.83,1966.57,1963.0,1964.09,40
2023-06-08 17:15:00+00:00,1963.63,1964.86,1963.39,1963.43,39
2023-06-08 17:30:00+00:00,1963.84,1963.84,1961.97,1962.71,40
2023-06-08 17:45:00+00:00,1962.26,1963.93,1962.0,1963.79,40
2023-06-08 18:00:00+00:00,1963.8,1964.0,1962.9,1963.88,40
2023-06-08 18:15:00+00:00,1963.86,1963.86,1962.8,1963.68,41
2023-06-08 18:30:00+00:00,1963.56,1964.0,1962.6,1963.99,39
2023-06-08 18:45:00+00:00,1963.94,1965.23,1963.0,1965.21,43
2023-06-08 19:00:00+00:00,1965.32,1965.36,1963.96,1964.77,39
2023-06-08 19:15:00+00:00,1964.8,1964.8,1963.1,1963.52,41
2023-06-08 19:30:00+00:00,1963.42,1964.29,1963.0,1964.07,40
2023-06-08 19:45:00+00:00,1964.04,1965.24,1963.3,1965.11,40
2023-06-08 20:00:00+00:00,1964.99,1965.55,1964.7,1965.5,41
2023-06-08 20:15:00+00:00,1965.37,1965.93,1964.2,1965.93,40
2023-06-08 20:30:00+00:00,1965.49,1965.77,1965.37,1965.37,38
2023-06-08 20:45:00+00:00,1965.66,1965.71,1964.4,1965.49,37
2023-06-08 21:00:00+00:00,1965.49,1965.49,1965.35,1965.35,2
2023-06-08 22:00:00+00:00,1965.72,1966.25,1965.1,1966.25,39
2023-06-08 22:15:00+00:00,1966.24,1966.25,1964.9,1966.05,40
2023-06-08 22:30:00+00:00,1965.97,1966.08,1965.1,1965.91,42
2023-06-08 22:45:00+00:00,1965.98,1966.13,1965.3,1966.07,38
2023-06-08 23:00:00+00:00,1966.03,1966.03,1964.9,1965.68,42
2023-06-08 23:15:00+00:00,1965.74,1965.78,1964.8,1965.63,40
2023-06-08 23:30:00+00:00,1965.49,1965.87,1964.8,1965.58,40
2023-06-08 23:45:00+00:00,1965.89,1966.11,1965.3,1965.33,38
2023-06-09 00:00:00+00:00,1965.2,1965.27,1964.29,1964.74,39
2023-06-09 00:15:00+00:00,1964.24,1964.95,1963.9,1964.57,40
2023-06-09 00:30:00+00:00,1964.61,1965.26,1964.0,1964.2,33
2023-06-09 00:45:00+00:00,1964.51,1964.65,1962.7,1963.49,40
2023-06-09 01:00:00+00:00,1963.3,1965.65,1963.3,1964.9,40
2023-06-09 01:15:00+00:00,1964.62,1965.0,1962.8,1963.54,40
2023-06-09 01:30:00+00:00,1963.52,1964.94,1963.2,1964.49,39
2023-06-09 01:45:00+00:00,1964.61,1965.17,1963.3,1964.25,41
2023-06-09 02:00:00+00:00,1964.34,1964.4,1963.76,1963.83,38
2023-06-09 02:15:00+00:00,1963.85,1964.64,1963.6,1963.76,41
2023-06-09 02:30:00+00:00,1963.81,1964.37,1963.35,1963.93,40
2023-06-09 02:45:00+00:00,1963.95,1964.36,1963.1,1964.21,41
2023-06-09 03:00:00+00:00,1964.21,1964.81,1964.0,1964.25,38
2023-06-09 03:15:00+00:00,1964.34,1964.68,1964.14,1964.45,39
2023-06-09 03:30:00+00:00,1964.3,1964.86,1964.02,1964.58,38
2023-06-09 03:45:00+00:00,1964.43,1964.67,1963.7,1963.72,39
2023-06-09 04:00:00+00:00,1963.62,1964.03,1962.7,1963.38,42
2023-06-09 04:15:00+00:00,1963.26,1963.38,1962.64,1962.9,39
2023-06-09 04:30:00+00:00,1962.88,1962.94,1961.9,1962.94,40
2023-06-09 04:45:00+00:00,1962.96,1963.24,1961.9,1963.14,40
2023-06-09 05:00:00+00:00,1962.96,1963.92,1962.6,1963.58,39
2023-06-09 05:15:00+00:00,1963.56,1963.63,1962.0,1963.03,41
2023-06-09 05:30:00+00:00,1963.17,1964.37,1962.8,1963.97,40
2023-06-09 05:45:00+00:00,1964.41,1965.19,1963.97,1964.69,40
2023-06-09 06:00:00+00:00,1964.39,1965.13,1964.09,1964.09,39
2023-06-09 06:15:00+00:00,1964.47,1965.07,1964.09,1964.81,39
2023-06-09 06:30:00+00:00,1964.72,1965.18,1964.31,1964.78,39
2023-06-09 06:45:00+00:00,1965.19,1965.72,1963.8,1965.72,41
2023-06-09 07:00:00+00:00,1965.4,1965.56,1963.9,1964.52,39
2023-06-09 07:15:00+00:00,1964.35,1965.05,1963.0,1964.66,42
2023-06-09 07:30:00+00:00,1964.74,1965.01,1964.01,1964.39,39
2023-06-09 07:45:00+00:00,1964.21,1964.79,1962.91,1963.14,40
2023-06-09 08:00:00+00:00,1963.28,1963.28,1960.0,1960.78,41
2023-06-09 08:15:00+00:00,1960.96,1961.71,1960.71,1961.57,41
2023-06-09 08:30:00+00:00,1961.38,1962.75,1961.21,1962.09,39
2023-06-09 08:45:00+00:00,1961.87,1963.09,1961.1,1962.08,40
2023-06-09 09:00:00+00:00,1962.14,1962.72,1961.75,1962.32,38
2023-06-09 09:15:00+00:00,1962.12,1962.98,1961.5,1962.63,41
2023-06-09 09:30:00+00:00,1963.02,1963.7,1962.65,1963.04,38
2023-06-09 09:45:00+00:00,1963.65,1963.65,1961.5,1961.97,40
2023-06-09 10:00:00+00:00,1962.6,1962.75,1961.2,1962.56,40
2023-06-09 10:15:00+00:00,1962.45,1964.9,1962.2,1963.92,40
2023-06-09 10:30:00+00:00,1964.25,1964.25,1962.85,1962.85,40
2023-06-09 10:45:00+00:00,1963.23,1963.68,1962.7,1963.56,39
2023-06-09 11:00:00+00:00,1963.46,1964.98,1962.8,1964.84,39
2023-06-09 11:15:00+00:00,1964.57,1966.55,1964.04,1966.27,39
2023-06-09 11:30:00+00:00,1966.3,1966.35,1964.96,1965.23,39
2023-06-09 11:45:00+00:00,1965.56,1965.94,1964.6,1965.64,20
2023-06-09 12:00:00+00:00,1966.62,1966.78,1965.02,1965.94,34
2023-06-09 12:15:00+00:00,1966.12,1966.66,1963.94,1964.81,39
2023-06-09 12:30:00+00:00,1967.07,1971.94,1963.98,1965.33,38
2023-06-09 12:45:00+00:00,1966.43,1966.43,1962.33,1962.9,40
2023-06-09 13:00:00+00:00,1963.18,1964.42,1962.62,1963.28,38
2023-06-09 13:15:00+00:00,1962.75,1964.83,1962.62,1963.38,39
2023-06-09 13:30:00+00:00,1963.13,1963.74,1956.93,1958.42,39
2023-06-09 13:45:00+00:00,1958.6,1961.82,1957.55,1961.81,39
2023-06-09 14:00:00+00:00,1961.67,1963.43,1960.51,1963.43,39
2023-06-09 14:15:00+00:00,1963.69,1967.87,1962.7,1966.91,39
2023-06-09 14:30:00+00:00,1966.64,1966.91,1963.95,1965.42,40
2023-06-09 14:45:00+00:00,1965.94,1966.27,1963.2,1963.26,40
2023-06-09 15:00:00+00:00,1963.62,1965.22,1963.23,1963.35,40
2023-06-09 15:15:00+00:00,1964.2,1964.92,1962.76,1962.89,40
2023-06-09 15:30:00+00:00,1963.22,1963.51,1960.81,1960.83,37
2023-06-09 15:45:00+00:00,1960.91,1962.65,1960.83,1962.08,39
2023-06-09 16:00:00+00:00,1962.11,1962.11,1961.07,1961.73,39
2023-06-09 16:15:00+00:00,1961.93,1962.64,1961.2,1962.61,41
2023-06-09 16:30:00+00:00,1962.62,1962.62,1961.0,1961.96,42
2023-06-09 16:45:00+00:00,1961.26,1961.96,1960.7,1961.14,39
2023-06-09 17:00:00+00:00,1961.42,1961.5,1960.1,1961.33,42
2023-06-09 17:15:00+00:00,1961.11,1962.73,1960.88,1962.54,39
2023-06-09 17:30:00+00:00,1962.41,1962.41,1960.9,1961.0,39
2023-06-09 17:45:00+00:00,1961.91,1961.91,1960.5,1961.56,41
2023-06-09 18:00:00+00:00,1961.42,1962.36,1961.42,1962.36,39
2023-06-09 18:15:00+00:00,1962.41,1962.78,1961.93,1962.62,38
2023-06-09 18:30:00+00:00,1962.13,1962.64,1960.94,1960.94,39
2023-06-09 18:45:00+00:00,1961.16,1961.47,1961.14,1961.31,13
2023-06-09 19:15:00+00:00,1961.41,1961.41,1961.41,1961.41,1
2023-06-09 19:30:00+00:00,1960.45,1960.45,1960.45,1960.45,1
2023-06-09 19:45:00+00:00,1959.99,1959.99,1959.99,1959.99,1
2023-06-09 20:15:00+00:00,1960.21,1960.77,1959.9,1960.77,26
2023-06-09 20:30:00+00:00,1960.71,1961.06,1960.49,1960.74,38
2023-06-09 20:45:00+00:00,1960.58,1960.87,1960.26,1960.71,38
2023-06-09 21:00:00+00:00,1960.49,1960.49,1960.49,1960.49,1
2023-06-11 19:00:00+00:00,1963.1,1963.1,1960.71,1960.71,2
2023-06-11 20:00:00+00:00,1960.71,1960.71,1960.71,1960.71,1
2023-06-11 21:00:00+00:00,1960.71,1962.45,1960.71,1962.45,2
2023-06-11 22:00:00+00:00,1960.18,1960.28,1958.7,1960.28,29
2023-06-11 22:15:00+00:00,1960.02,1960.5,1959.5,1960.18,31
2023-06-11 22:30:00+00:00,1959.9,1959.93,1958.9,1959.32,34
2023-06-11 22:45:00+00:00,1959.02,1959.31,1957.9,1958.87,33
2023-06-11 23:00:00+00:00,1958.43,1958.65,1957.5,1958.65,32
2023-06-11 23:15:00+00:00,1958.68,1960.45,1958.65,1960.18,31
2023-06-11 23:30:00+00:00,1960.37,1960.37,1959.37,1959.63,30
2023-06-11 23:45:00+00:00,1959.72,1960.35,1959.4,1959.83,33
2023-06-12 00:00:00+00:00,1960.09,1960.32,1959.2,1960.06,42
2023-06-12 00:15:00+00:00,1960.09,1960.36,1958.3,1958.49,39
2023-06-12 00:30:00+00:00,1958.62,1959.08,1957.3,1958.84,40
2023-06-12 00:45:00+00:00,1958.75,1959.13,1958.32,1958.32,35
2023-06-12 01:00:00+00:00,1958.77,1959.41,1957.67,1957.99,39
2023-06-12 01:15:00+00:00,1957.79,1958.1,1956.16,1956.16,42
2023-06-12 01:30:00+00:00,1956.2,1957.51,1955.99,1956.89,39
2023-06-12 01:45:00+00:00,1957.01,1957.11,1955.55,1955.99,40
2023-06-12 02:00:00+00:00,1955.9,1956.04,1954.5,1955.34,42
2023-06-12 02:15:00+00:00,1955.27,1955.94,1955.01,1955.83,39
2023-06-12 02:30:00+00:00,1955.75,1955.93,1953.7,1955.64,40
2023-06-12 02:45:00+00:00,1955.57,1956.09,1954.8,1956.09,39
2023-06-12 03:00:00+00:00,1955.87,1956.58,1954.7,1956.39,40
2023-06-12 03:15:00+00:00,1956.4,1956.58,1954.9,1955.75,40
2023-06-12 03:30:00+00:00,1955.88,1956.78,1955.64,1956.78,40
2023-06-12 03:45:00+00:00,1956.8,1958.65,1956.77,1958.46,41
2023-06-12 04:00:00+00:00,1957.97,1958.54,1956.9,1957.56,40
2023-06-12 04:15:00+00:00,1957.47,1957.91,1956.6,1957.64,40
2023-06-12 04:30:00+00:00,1957.55,1957.64,1956.4,1957.04,42
2023-06-12 04:45:00+00:00,1957.04,1957.45,1956.5,1956.99,40
2023-06-12 05:00:00+00:00,1956.55,1959.5,1956.55,1959.5,39
2023-06-12 05:15:00+00:00,1959.29,1959.29,1958.41,1958.83,40
2023-06-12 05:30:00+00:00,1958.82,1961.37,1958.82,1960.35,40
2023-06-12 05:45:00+00:00,1960.55,1960.55,1958.63,1959.14,39
2023-06-12 06:00:00+00:00,1958.65,1959.48,1958.01,1959.16,39
2023-06-12 06:15:00+00:00,1959.28,1961.81,1959.16,1961.07,38
2023-06-12 06:30:00+00:00,1961.09,1961.31,1959.93,1960.68,39
2023-06-12 06:45:00+00:00,1960.37,1960.82,1960.07,1960.39,39
2023-06-12 07:00:00+00:00,1960.01,1961.34,1959.35,1959.86,39
2023-06-12 07:15:00+00:00,1960.03,1960.32,1958.69,1960.02,39
2023-06-12 07:30:00+00:00,1959.72,1960.61,1959.55,1960.41,40
2023-06-12 07:45:00+00:00,1960.39,1961.02,1959.37,1960.57,39
2023-06-12 08:00:00+00:00,1960.72,1963.84,1960.72,1962.68,38
2023-06-12 08:15:00+00:00,1963.04,1964.63,1962.55,1963.97,37
2023-06-12 08:30:00+00:00,1963.48,1964.47,1963.48,1964.47,39
2023-06-12 08:45:00+00:00,1964.49,1965.37,1963.6,1964.64,40
2023-06-12 09:00:00+00:00,1964.99,1965.36,1964.2,1964.51,40
2023-06-12 09:15:00+00:00,1964.74,1965.05,1964.16,1964.69,38
2023-06-12 09:30:00+00:00,1964.88,1965.36,1964.0,1965.34,40
2023-06-12 09:45:00+00:00,1964.97,1965.39,1963.3,1965.34,40
2023-06-12 10:00:00+00:00,1965.15,1965.94,1964.5,1965.88,40
2023-06-12 10:15:00+00:00,1965.87,1966.78,1965.3,1965.3,39
2023-06-12 10:30:00+00:00,1965.33,1966.56,1965.22,1965.56,38
2023-06-12 10:45:00+00:00,1965.57,1965.74,1963.99,1963.99,40
2023-06-12 11:00:00+00:00,1963.86,1964.96,1963.76,1964.56,39
2023-06-12 11:15:00+00:00,1964.43,1964.43,1961.78,1963.42,39
2023-06-12 11:30:00+00:00,1963.15,1964.74,1962.36,1962.58,38
2023-06-12 11:45:00+00:00,1962.66,1963.91,1962.58,1963.74,41
2023-06-12 12:00:00+00:00,1963.98,1964.87,1963.1,1964.75,40
2023-06-12 12:15:00+00:00,1964.74,1965.54,1963.42,1963.42,39
2023-06-12 12:30:00+00:00,1963.2,1964.13,1961.25,1962.92,39
2023-06-12 12:45:00+00:00,1962.91,1963.65,1962.33,1962.9,38
2023-06-12 13:00:00+00:00,1962.76,1963.46,1960.55,1960.55,39
2023-06-12 13:15:00+00:00,1960.68,1960.68,1957.02,1957.45,38
2023-06-12 13:30:00+00:00,1957.4,1958.24,1956.12,1957.84,38
2023-06-12 13:45:00+00:00,1957.99,1957.99,1949.49,1952.3,37
2023-06-12 14:00:00+00:00,1952.26,1954.29,1950.84,1952.86,38
2023-06-12 14:15:00+00:00,1952.6,1952.92,1950.35,1950.35,39
2023-06-12 14:30:00+00:00,1950.3,1951.18,1949.58,1950.68,39
2023-06-12 14:45:00+00:00,1951.27,1954.3,1950.98,1953.98,39
2023-06-12 15:00:00+00:00,1953.98,1957.33,1953.85,1956.36,39
2023-06-12 15:15:00+00:00,1956.34,1958.1,1956.02,1957.71,39
2023-06-12 15:30:00+00:00,1957.53,1958.64,1956.9,1957.68,39
2023-06-12 15:45:00+00:00,1957.76,1957.76,1954.84,1955.04,41
2023-06-12 16:00:00+00:00,1955.21,1956.08,1954.52,1954.91,37
2023-06-12 16:15:00+00:00,1954.74,1954.94,1953.12,1953.12,39
2023-06-12 16:30:00+00:00,1953.23,1954.4,1953.21,1953.98,38
2023-06-12 16:45:00+00:00,1954.09,1954.79,1953.91,1953.91,39
2023-06-12 17:00:00+00:00,1953.91,1955.71,1953.47,1955.36,40
2023-06-12 17:15:00+00:00,1955.72,1956.58,1955.41,1955.65,38
2023-06-12 17:30:00+00:00,1955.71,1956.15,1953.94,1955.05,41
2023-06-12 17:45:00+00:00,1954.54,1956.01,1954.54,1956.01,39
2023-06-12 18:00:00+00:00,1955.93,1956.58,1955.91,1956.14,39
2023-06-12 18:15:00+00:00,1956.12,1956.6,1955.88,1956.02,38
2023-06-12 18:30:00+00:00,1956.1,1957.32,1956.04,1957.32,39
2023-06-12 18:45:00+00:00,1957.32,1957.88,1956.5,1956.56,39
2023-06-12 19:00:00+00:00,1956.97,1957.53,1955.78,1955.78,39
2023-06-12 19:15:00+00:00,1955.85,1957.63,1955.85,1957.33,39
2023-06-12 19:30:00+00:00,1957.33,1957.83,1956.62,1957.83,40
2023-06-12 19:45:00+00:00,1957.93,1958.56,1957.6,1958.37,39
2023-06-12 20:00:00+00:00,1958.23,1958.58,1958.18,1958.44,39
2023-06-12 20:15:00+00:00,1958.37,1958.42,1956.5,1957.03,44
2023-06-12 20:30:00+00:00,1957.1,1957.49,1956.2,1956.86,42
2023-06-12 20:45:00+00:00,1956.86,1957.57,1956.72,1957.3,35
2023-06-12 21:00:00+00:00,1957.3,1957.43,1957.3,1957.43,2
2023-06-12 22:00:00+00:00,1957.17,1957.17,1956.1,1957.14,38
2023-06-12 22:15:00+00:00,1957.24,1957.47,1956.5,1957.33,41
2023-06-12 22:30:00+00:00,1957.23,1958.05,1957.1,1958.02,38
2023-06-12 22:45:00+00:00,1957.99,1958.27,1957.2,1958.26,40
2023-06-12 23:00:00+00:00,1958.8,1960.03,1958.26,1960.03,39
2023-06-12 23:15:00+00:00,1960.11,1960.35,1959.4,1959.92,40
2023-06-12 23:30:00+00:00,1959.9,1960.47,1959.9,1960.28,40
2023-06-12 23:45:00+00:00,1960.19,1960.48,1959.2,1959.86,40
2023-06-13 00:00:00+00:00,1959.98,1960.81,1958.8,1960.66,41
2023-06-13 00:15:00+00:00,1960.7,1960.7,1959.3,1959.94,42
2023-06-13 00:30:00+00:00,1959.8,1959.94,1958.1,1959.17,42
2023-06-13 00:45:00+00:00,1958.93,1959.17,1957.0,1957.78,35
2023-06-13 01:00:00+00:00,1957.69,1958.96,1957.69,1958.9,41
2023-06-13 01:15:00+00:00,1958.81,1959.5,1957.3,1958.8,40
2023-06-13 01:30:00+00:00,1958.4,1958.74,1956.79,1957.06,40
2023-06-13 01:45:00+00:00,1957.08,1957.42,1955.8,1956.74,41
2023-06-13 02:00:00+00:00,1956.32,1957.22,1955.6,1956.56,40
2023-06-13 02:15:00+00:00,1956.58,1957.53,1956.58,1957.27,39
2023-06-13 02:30:00+00:00,1957.28,1958.58,1956.95,1958.38,39
2023-06-13 02:45:00+00:00,1958.17,1959.26,1957.0,1958.95,42
2023-06-13 03:00:00+00:00,1958.88,1959.32,1958.45,1959.21,40
2023-06-13 03:15:00+00:00,1959.12,1960.22,1958.7,1960.22,39
2023-06-13 03:30:00+00:00,1960.18,1960.91,1959.5,1960.28,41
2023-06-13 03:45:00+00:00,1960.28,1961.99,1960.28,1961.92,40
2023-06-13 04:00:00+00:00,1961.71,1962.04,1960.6,1961.6,41
2023-06-13 04:15:00+00:00,1961.84,1961.84,1960.1,1960.76,39
2023-06-13 04:30:00+00:00,1960.71,1961.14,1960.2,1960.84,39
2023-06-13 04:45:00+00:00,1960.81,1961.23,1960.67,1960.9,38
2023-06-13 05:00:00+00:00,1960.91,1961.4,1960.68,1960.78,39
2023-06-13 05:15:00+00:00,1960.73,1961.06,1959.61,1960.24,38
2023-06-13 05:30:00+00:00,1960.29,1960.36,1959.34,1959.34,38
2023-06-13 05:45:00+00:00,1959.5,1959.5,1958.18,1958.38,38
2023-06-13 06:00:00+00:00,1958.26,1959.75,1958.26,1959.35,39
2023-06-13 06:15:00+00:00,1959.6,1961.79,1959.1,1961.08,40
2023-06-13 06:30:00+00:00,1961.1,1963.35,1961.08,1963.16,39
2023-06-13 06:45:00+00:00,1963.1,1963.16,1961.8,1962.24,40
2023-06-13 07:00:00+00:00,1962.33,1964.9,1961.87,1964.41,37
2023-06-13 07:15:00+00:00,1964.35,1965.09,1962.9,1964.02,40
2023-06-13 07:30:00+00:00,1963.79,1964.69,1962.94,1962.94,40
2023-06-13 07:45:00+00:00,1962.86,1963.14,1962.13,1962.43,39
2023-06-13 08:00:00+00:00,1962.48,1962.72,1961.78,1962.72,39
2023-06-13 08:15:00+00:00,1962.82,1963.19,1961.73,1962.38,39
2023-06-13 08:30:00+00:00,1962.77,1964.09,1961.9,1963.73,41
2023-06-13 08:45:00+00:00,1963.55,1964.46,1963.55,1964.45,39
2023-06-13 09:00:00+00:00,1963.72,1964.38,1962.76,1963.12,39
2023-06-13 09:15:00+00:00,1963.34,1963.5,1962.86,1963.22,39
2023-06-13 09:30:00+00:00,1963.25,1963.85,1962.72,1963.12,39
2023-06-13 09:45:00+00:00,1962.81,1964.42,1962.81,1964.0,39
2023-06-13 10:00:00+00:00,1963.1,1963.21,1961.99,1962.44,38
2023-06-13 10:15:00+00:00,1963.32,1963.76,1962.0,1963.33,40
2023-06-13 10:30:00+00:00,1963.43,1964.96,1963.43,1964.79,40
2023-06-13 10:45:00+00:00,1964.65,1965.91,1964.65,1965.55,39
2023-06-13 11:00:00+00:00,1965.83,1966.03,1964.97,1965.16,38
2023-06-13 11:15:00+00:00,1965.56,1965.57,1964.74,1965.22,38
2023-06-13 11:30:00+00:00,1965.27,1965.41,1964.1,1964.87,40
2023-06-13 11:45:00+00:00,1964.96,1964.96,1962.7,1963.55,40
2023-06-13 12:00:00+00:00,1963.68,1963.84,1959.0,1959.67,39
2023-06-13 12:15:00+00:00,1959.52,1961.58,1958.14,1959.47,39
2023-06-13 12:30:00+00:00,1959.04,1969.47,1959.04,1961.01,38
2023-06-13 12:45:00+00:00,1961.97,1964.29,1958.91,1960.66,37
2023-06-13 13:00:00+00:00,1962.74,1965.71,1961.56,1961.56,38
2023-06-13 13:15:00+00:00,1961.84,1962.65,1956.8,1960.44,41
2023-06-13 13:30:00+00:00,1960.87,1964.06,1955.51,1955.51,39
2023-06-13 13:45:00+00:00,1954.34,1957.63,1954.18,1954.29,39
2023-06-13 14:00:00+00:00,1953.24,1955.71,1951.1,1952.05,40
2023-06-13 14:15:00+00:00,1951.98,1955.49,1951.27,1952.91,38
2023-06-13 14:30:00+00:00,1952.97,1953.81,1951.48,1951.83,39
2023-06-13 14:45:00+00:00,1952.19,1953.88,1951.48,1952.36,39
2023-06-13 15:00:00+00:00,1952.35,1953.01,1950.43,1950.8,38
2023-06-13 15:15:00+00:00,1950.74,1951.1,1944.45,1945.33,39
2023-06-13 15:30:00+00:00,1945.12,1945.24,1942.43,1943.36,38
2023-06-13 15:45:00+00:00,1943.21,1945.48,1942.21,1942.87,40
2023-06-13 16:00:00+00:00,1943.22,1946.4,1942.37,1945.4,41
2023-06-13 16:15:00+00:00,1945.34,1946.77,1945.34,1946.47,39
2023-06-13 16:30:00+00:00,1946.72,1946.89,1945.19,1945.32,39
2023-06-13 16:45:00+00:00,1945.27,1946.15,1944.3,1945.07,40
2023-06-13 17:00:00+00:00,1944.91,1946.16,1944.47,1944.47,40
2023-06-13 17:15:00+00:00,1944.9,1946.58,1944.47,1945.21,39
2023-06-13 17:30:00+00:00,1944.92,1945.21,1943.04,1943.6,39
2023-06-13 17:45:00+00:00,1943.27,1943.6,1941.67,1942.39,39
2023-06-13 18:00:00+00:00,1942.72,1943.63,1942.39,1942.81,37
2023-06-13 18:15:00+00:00,1942.63,1943.55,1942.11,1942.11,38
2023-06-13 18:30:00+00:00,1942.31,1942.31,1940.72,1941.09,39
2023-06-13 18:45:00+00:00,1940.99,1942.37,1940.31,1940.67,39
2023-06-13 19:00:00+00:00,1940.48,1941.75,1940.1,1941.75,38
2023-06-13 19:15:00+00:00,1941.14,1941.63,1940.72,1941.26,37
2023-06-13 19:30:00+00:00,1941.3,1942.36,1940.3,1942.16,39
2023-06-13 19:45:00+00:00,1942.28,1943.73,1942.05,1943.61,37
2023-06-13 20:00:00+00:00,1943.55,1944.12,1942.64,1944.09,39
2023-06-13 20:15:00+00:00,1944.09,1944.46,1942.6,1943.1,42
2023-06-13 20:30:00+00:00,1943.26,1943.26,1942.13,1942.17,40
2023-06-13 20:45:00+00:00,1942.15,1943.38,1942.15,1943.28,39
2023-06-13 21:00:00+00:00,1943.28,1943.38,1943.28,1943.38,2
2023-06-13 22:00:00+00:00,1943.22,1944.04,1942.4,1943.61,36
2023-06-13 22:15:00+00:00,1943.68,1943.98,1943.46,1943.86,39
2023-06-13 22:30:00+00:00,1943.99,1944.98,1943.5,1944.98,41
2023-06-13 22:45:00+00:00,1944.98,1945.08,1944.01,1944.01,39
2023-06-13 23:00:00+00:00,1942.35,1944.11,1942.1,1943.31,39
2023-06-13 23:15:00+00:00,1943.18,1943.31,1942.3,1943.23,41
2023-06-13 23:30:00+00:00,1943.28,1943.28,1942.2,1943.0,41
2023-06-13 23:45:00+00:00,1943.16,1943.93,1942.5,1943.93,42
